{
"type": "FeatureCollection",
"name": "main-paths",
"crs": { "type": "name", "properties": { "name": "urn:ogc:def:crs:OGC:1.3:CRS84" } },
"features": [
{ "type": "Feature", "properties": { "id": 9001, "type": "stairs", "name": "stairs up from 0 to 0.5" }, "levels": [0, 1], "geometry": { "type": "LineString", "coordinates": [ [ 32.783168404983641, 39.891798974434764 ], [ 32.783171532628288, 39.891770620081189 ] ] } },
{ "type": "Feature", "properties": { "id": 9002, "type": "stairs", "name": "stairs up from 0.5 to 1" }, "levels": [1, 2], "geometry": { "type": "LineString", "coordinates": [ [ 32.783202825665526, 39.891772818733727 ], [ 32.783199906700311, 39.891802485264705 ] ] } },
{ "type": "Feature", "properties": { "id": 9003, "type": "stairs", "name": "stairs up from 1 to 1.5" }, "levels": [2, 3], "geometry": { "type": "LineString", "coordinates": [ [ 32.783171135036383, 39.891801046337214 ], [ 32.783174640579027, 39.891775151146007 ] ] } },
{ "type": "Feature", "properties": { "id": 9004, "type": "stairs", "name": "stairs up from 1.5 to 2" }, "levels": [3, 4], "geometry": { "type": "LineString", "coordinates": [ [ 32.783202518734115, 39.891776943208384 ], [ 32.783200258484221, 39.891798611900299 ] ] } },
{ "type": "Feature", "properties": { "id": 9005, "type": "stairs", "name": "stairs up from 2 to 2.5" }, "levels": [4, 5], "geometry": { "type": "LineString", "coordinates": [ [ 32.783171974884034, 39.891797152095798 ], [ 32.783170063863459, 39.89177634145603 ] ] } },
{ "type": "Feature", "properties": { "id": 9006, "type": "stairs", "name": "stairs up from 2.5 to 3" }, "levels": [5, 6], "geometry": { "type": "LineString", "coordinates": [ [ 32.78320373161818, 39.89177841296798 ], [ 32.783200258484221, 39.891798611900299 ] ] } },
{ "type": "Feature", "properties": { "id": 9007, "type": "stairs", "name": "stairs up from 3 to 3.5" }, "levels": [6, 7], "geometry": { "type": "LineString", "coordinates": [ [ 32.783171974884034, 39.891797152095798 ], [ 32.783170063863459, 39.89177634145603 ] ] } },
{ "type": "Feature", "properties": { "id": 9008, "type": "stairs", "name": "stairs up from 3.5 to 4" }, "levels": [7, 8], "geometry": { "type": "LineString", "coordinates": [ [ 32.78320373161818, 39.89177841296798 ], [ 32.783200258484221, 39.891798611900299 ] ] } },
    {
      "type": "Feature",
      "properties": {
        "id": 9009,
        "type": "elevator"
      },
      "geometry": {
        "type": "LineString",
        "coordinates": [
          [
            32.783269818,
            39.891860771
          ],
          [
            32.783269818,
            39.891860771
          ],
		  [
            32.783269818,
            39.891860771
          ],
		  [
            32.783269818,
            39.891860771
          ],
		  [
            32.783269818,
            39.891860771
          ]
        ]
      },
      "levels" : [0, 2, 4, 6, 8]
    }
],
  "level_filenames" : [
    "metu-ceng-block-a-floor-0-paths.geojson",
	"metu-ceng-block-a-floor-0-5-paths.geojson",
	"metu-ceng-block-a-floor-1-paths.geojson",
	"metu-ceng-block-a-floor-1-5-paths.geojson",
	"metu-ceng-block-a-floor-2-paths.geojson",
	"metu-ceng-block-a-floor-2-5-paths.geojson",
	"metu-ceng-block-a-floor-3-paths.geojson",
	"metu-ceng-block-a-floor-3-5-paths.geojson",
	"metu-ceng-block-a-floor-4-paths.geojson"
  ]
}
